id,Name,Birthday,Department,Hiring date
0,Ashley Gonzalez,1997-11-05,April,2022-11-02
1,Joseph Arnold,1967-03-02,August,2023-07-31
2,Kimberly Alvarado,2003-09-05,April,2023-08-18
3,Carolyn Acosta,1998-09-06,July,2023-01-10
4,Jeffery Irwin,1974-10-20,June,2022-10-24
5,Laura Guerrero,1992-10-14,June,2022-06-27
6,Todd Campbell,1994-08-09,June,2023-07-23
7,Angela Trevino,1987-08-14,January,2022-08-04
8,Debra Ramirez MD,2000-08-27,August,2022-06-18
9,Jessica Townsend,1972-04-14,February,2022-05-07
